{
  "hash": "507ead1952876a469ccea521510b82b8",
  "result": {
    "engine": "knitr",
    "markdown": "---\ntitle: \"My Research\"\ndate: 2021-01-01\ndate-modified: today\nimage: ../assets/bg-pines-research-gray-sm.png\nimage-alt: Image-of-pine-trees-on-blue-background.\ndescription: \"Much of my work has focused on assessing wildlife and their habitats using geospatial tools and techniques. This research has expanded both my technical skillset and my appreciation for science.\"\ncomments: false\nlisting:\n  - id: research-listings-all\n    contents: \"*.qmd\"\n    type: grid\n    grid-columns: 3\n    image-height: 200px\n    max-description-length: 100\n    categories: false\n    sort: \"date\"\n    filter-ui: true  \n    sort-ui: true\n    fields: \n      - title\n      - image\n---\n\n\n\n::: {#research-listings-all .listings-gallery}\n:::\n\n\n### My Research Geography\n\nI am fortunate to have worked extensively across the Midwestern United States on a diversity of projects. The map below displays my research influence across this region where I have conducted research.\n\n\n\n::: {.cell}\n::: {.cell-output-display}\n\n```{=html}\n<div class=\"leaflet html-widget html-fill-item\" id=\"htmlwidget-633a94737ddf92a9a87c\" style=\"width:100%;height:464px;\"></div>\n<script type=\"application/json\" data-for=\"htmlwidget-633a94737ddf92a9a87c\">{\"x\":{\"options\":{\"minZoom\":5,\"crs\":{\"crsClass\":\"L.CRS.EPSG3857\",\"code\":null,\"proj4def\":null,\"projectedBounds\":null,\"options\":{}}},\"calls\":[{\"method\":\"addProviderTiles\",\"args\":[\"CartoDB.Positron\",null,null,{\"errorTileUrl\":\"\",\"noWrap\":false,\"detectRetina\":false}]},{\"method\":\"addPolygons\",\"args\":[[[[{\"lng\":[-105.6915945157442,-105.6904056084356,-105.5125353113342,-105.5137242186426,-105.6915945157442],\"lat\":[41.35363282453523,41.2735797324317,41.27622137050747,41.35627446261094,41.35363282453523]}]],[[{\"lng\":[-89.57576979606011,-89.57564046102686,-89.55052309264897,-89.55065242768217,-89.57576979606011],\"lat\":[44.54120518516129,44.5319218038851,44.53227173626186,44.54155511753805,44.54120518516129]}]],[[{\"lng\":[-89.56305724751047,-89.56320249569586,-89.52976952387587,-89.52962427569059,-89.56305724751047],\"lat\":[45.50496189382352,45.47954346138715,45.47935241583372,45.50477084827014,45.50496189382352]}]],[[{\"lng\":[-88.46331245690362,-88.66117503279656,-88.66090060906271,-88.46303803316988,-88.46331245690362],\"lat\":[44.70288067732508,44.70263179358199,44.48446492521583,44.48471380895916,44.70288067732508]}]],[[{\"lng\":[-91.66303376395145,-92.14179806988818,-90.42501415622883,-89.96359103907797,-91.66303376395145],\"lat\":[44.56818866770678,44.40895209026957,41.64841752646682,41.80103745028565,44.56818866770678]}]],[[{\"lng\":[-95.21094848684334,-83.43923625871678,-83.43923625871678,-95.21094848684334,-95.21094848684334],\"lat\":[34.3370168884088,34.3370168884088,39.49102296763046,39.49102296763046,34.3370168884088]}]]],null,null,{\"interactive\":true,\"className\":\"\",\"stroke\":true,\"color\":\"red\",\"weight\":5,\"opacity\":0.5,\"fill\":true,\"fillColor\":\"red\",\"fillOpacity\":0.2,\"smoothFactor\":1,\"noClip\":false},null,null,[\"Laramie, WY\",\"Schmeekle Reserve, Stevens Point, WI\",\"Treehaven, Tomahawk, WI\",\"Lower Wolf River Bottomlands Natural Resources Area, WI\",\"Upper Mississippi River National Fish and Wildlife Refuge\",\"Central Hardwood Bird Conservation Region\"],{\"interactive\":false,\"permanent\":false,\"direction\":\"bottom\",\"opacity\":1,\"offset\":[0,0],\"textsize\":\"10px\",\"textOnly\":false,\"className\":\"\",\"sticky\":true},null]},{\"method\":\"setMaxBounds\",\"args\":[34.33702,-125.69159,45.50496,-63.43924]}],\"limits\":{\"lat\":[34.3370168884088,45.50496189382352],\"lng\":[-105.6915945157442,-83.43923625871678]}},\"evals\":[],\"jsHooks\":[]}</script>\n```\n\n:::\n:::\n",
    "supporting": [],
    "filters": [
      "rmarkdown/pagebreak.lua"
    ],
    "includes": {
      "include-in-header": [
        "<script src=\"../site_libs/htmlwidgets-1.6.3/htmlwidgets.js\"></script>\n<script src=\"../site_libs/jquery-3.6.0/jquery-3.6.0.min.js\"></script>\n<link href=\"../site_libs/leaflet-1.3.1/leaflet.css\" rel=\"stylesheet\" />\n<script src=\"../site_libs/leaflet-1.3.1/leaflet.js\"></script>\n<link href=\"../site_libs/leafletfix-1.0.0/leafletfix.css\" rel=\"stylesheet\" />\n<script src=\"../site_libs/proj4-2.6.2/proj4.min.js\"></script>\n<script src=\"../site_libs/Proj4Leaflet-1.0.1/proj4leaflet.js\"></script>\n<link href=\"../site_libs/rstudio_leaflet-1.3.1/rstudio_leaflet.css\" rel=\"stylesheet\" />\n<script src=\"../site_libs/leaflet-binding-2.2.1/leaflet.js\"></script>\n<script src=\"../site_libs/leaflet-providers-2.0.0/leaflet-providers_2.0.0.js\"></script>\n<script src=\"../site_libs/leaflet-providers-plugin-2.2.1/leaflet-providers-plugin.js\"></script>\n"
      ]
    },
    "engineDependencies": {},
    "preserve": {},
    "postProcess": true
  }
}